seq_id	species	label
AF112352	ACMV	ACMV
AF259894	ACMV	ACMV
AF366902	ACMV	ACMV
AJ427910	ACMV	ACMV
AM502338	ACMV	ACMV
AM502339	ACMV	ACMV
AM502340	ACMV	ACMV
AY211884	ACMV	ACMV
AY211885	ACMV	ACMV
AY795982	ACMV	ACMV
EU685318	ACMV	ACMV
EU685320	ACMV	ACMV
EU685322	ACMV	ACMV
EU685324	ACMV	ACMV
EU685325	ACMV	ACMV
FJ807631	ACMV	ACMV
FM877473	ACMV	ACMV
FN435271	ACMV	ACMV
FN435272	ACMV	ACMV
FN435273	ACMV	ACMV
FN435274	ACMV	ACMV
FN435275	ACMV	ACMV
FN435276	ACMV	ACMV
FN435277	ACMV	ACMV
FN668378	ACMV	ACMV
GU580897	ACMV	ACMV
HE814062	ACMV	ACMV
HE814065	ACMV	ACMV
HE979758	ACMV	ACMV
HE979759	ACMV	ACMV
HE979760	ACMV	ACMV
HE979761	ACMV	ACMV
HE979762	ACMV	ACMV
HE979763	ACMV	ACMV
HE979764	ACMV	ACMV
HE979765	ACMV	ACMV
HE979766	ACMV	ACMV
HE979767	ACMV	ACMV
HE979768	ACMV	ACMV
HG530110	ACMV	ACMV
HG530111	ACMV	ACMV
J02057	ACMV	ACMV
JN053421	ACMV	ACMV
JN053422	ACMV	ACMV
JN053423	ACMV	ACMV
JN053424	ACMV	ACMV
JN053425	ACMV	ACMV
JN053426	ACMV	ACMV
JN053427	ACMV	ACMV
JN053428	ACMV	ACMV
JN053429	ACMV	ACMV
JN053430	ACMV	ACMV
JN053431	ACMV	ACMV
JN165088	ACMV	ACMV
JX658682	ACMV	ACMV
KJ887753	ACMV	ACMV
KJ887754	ACMV	ACMV
KJ887755	ACMV	ACMV
KJ887756	ACMV	ACMV
KJ887757	ACMV	ACMV
KJ887758	ACMV	ACMV
KJ887759	ACMV	ACMV
KJ887760	ACMV	ACMV
KJ887761	ACMV	ACMV
KJ887762	ACMV	ACMV
KJ887763	ACMV	ACMV
KJ887764	ACMV	ACMV
KJ887765	ACMV	ACMV
KJ887766	ACMV	ACMV
KJ887767	ACMV	ACMV
KJ887768	ACMV	ACMV
KJ887769	ACMV	ACMV
KJ887770	ACMV	ACMV
KJ887771	ACMV	ACMV
KJ887772	ACMV	ACMV
KJ887773	ACMV	ACMV
KJ887774	ACMV	ACMV
KJ887775	ACMV	ACMV
KJ887776	ACMV	ACMV
KJ887777	ACMV	ACMV
KJ887778	ACMV	ACMV
KJ887779	ACMV	ACMV
KJ887780	ACMV	ACMV
KJ887781	ACMV	ACMV
KJ887782	ACMV	ACMV
KJ887783	ACMV	ACMV
KJ887784	ACMV	ACMV
KJ887785	ACMV	ACMV
KJ887786	ACMV	ACMV
KJ887787	ACMV	ACMV
KJ887788	ACMV	ACMV
KJ887789	ACMV	ACMV
KJ887790	ACMV	ACMV
KJ887791	ACMV	ACMV
KJ887792	ACMV	ACMV
KJ887793	ACMV	ACMV
KJ887794	ACMV	ACMV
KJ887795	ACMV	ACMV
KJ887796	ACMV	ACMV
KJ887797	ACMV	ACMV
KJ887798	ACMV	ACMV
KJ887799	ACMV	ACMV
KJ887800	ACMV	ACMV
KJ887801	ACMV	ACMV
KJ887802	ACMV	ACMV
KJ887803	ACMV	ACMV
KJ887804	ACMV	ACMV
KJ887805	ACMV	ACMV
KJ887806	ACMV	ACMV
KJ887807	ACMV	ACMV
KJ887808	ACMV	ACMV
KJ887809	ACMV	ACMV
KJ887810	ACMV	ACMV
KJ887811	ACMV	ACMV
KJ887812	ACMV	ACMV
KJ887813	ACMV	ACMV
KJ887814	ACMV	ACMV
KJ887815	ACMV	ACMV
KJ887816	ACMV	ACMV
KJ887817	ACMV	ACMV
KJ887818	ACMV	ACMV
KJ887819	ACMV	ACMV
KJ887821	ACMV	ACMV
KJ887822	ACMV	ACMV
KJ887823	ACMV	ACMV
KJ887824	ACMV	ACMV
KJ887828	ACMV	ACMV
KJ887832	ACMV	ACMV
KJ887833	ACMV	ACMV
KJ887834	ACMV	ACMV
KJ887835	ACMV	ACMV
KJ887836	ACMV	ACMV
KJ887837	ACMV	ACMV
KJ887838	ACMV	ACMV
KJ887842	ACMV	ACMV
KJ887843	ACMV	ACMV
KJ887844	ACMV	ACMV
KJ887846	ACMV	ACMV
KJ887847	ACMV	ACMV
KJ887849	ACMV	ACMV
KJ887850	ACMV	ACMV
KJ887852	ACMV	ACMV
KJ887854	ACMV	ACMV
KJ887856	ACMV	ACMV
KJ887858	ACMV	ACMV
KJ887860	ACMV	ACMV
KJ887861	ACMV	ACMV
KJ887863	ACMV	ACMV
KJ887865	ACMV	ACMV
KJ887866	ACMV	ACMV
KJ887867	ACMV	ACMV
KJ887870	ACMV	ACMV
KJ887872	ACMV	ACMV
KJ887873	ACMV	ACMV
KJ887874	ACMV	ACMV
KJ887875	ACMV	ACMV
KJ887876	ACMV	ACMV
KJ887877	ACMV	ACMV
KJ887878	ACMV	ACMV
KJ887879	ACMV	ACMV
KJ887880	ACMV	ACMV
KJ887881	ACMV	ACMV
KJ887882	ACMV	ACMV
KJ887883	ACMV	ACMV
KJ887884	ACMV	ACMV
KJ887885	ACMV	ACMV
KJ887887	ACMV	ACMV
KJ887888	ACMV	ACMV
KJ887889	ACMV	ACMV
KJ887891	ACMV	ACMV
KJ887893	ACMV	ACMV
KJ887894	ACMV	ACMV
KJ887895	ACMV	ACMV
KJ887896	ACMV	ACMV
KJ887897	ACMV	ACMV
KJ887898	ACMV	ACMV
KJ887899	ACMV	ACMV
KJ887900	ACMV	ACMV
KJ887901	ACMV	ACMV
KJ887904	ACMV	ACMV
KJ887905	ACMV	ACMV
KJ887906	ACMV	ACMV
KJ887907	ACMV	ACMV
KJ887908	ACMV	ACMV
KJ887909	ACMV	ACMV
KJ887910	ACMV	ACMV
KJ887911	ACMV	ACMV
KJ887912	ACMV	ACMV
KJ887913	ACMV	ACMV
KJ887914	ACMV	ACMV
KJ887943	ACMV	ACMV
KJ887954	ACMV	ACMV
KJ887955	ACMV	ACMV
KJ887956	ACMV	ACMV
KJ887966	ACMV	ACMV
KJ887974	ACMV	ACMV
KJ887975	ACMV	ACMV
KJ887976	ACMV	ACMV
KJ887977	ACMV	ACMV
KJ887978	ACMV	ACMV
KJ887979	ACMV	ACMV
KJ887980	ACMV	ACMV
KJ887995	ACMV	ACMV
KJ887997	ACMV	ACMV
KJ888008	ACMV	ACMV
KJ888059	ACMV	ACMV
KJ888062	ACMV	ACMV
KJ888067	ACMV	ACMV
KJ888070	ACMV	ACMV
KJ888075	ACMV	ACMV
KJ888080	ACMV	ACMV
KJ888082	ACMV	ACMV
KJ888086	ACMV	ACMV
KJ888088	ACMV	ACMV
KJ888096	ACMV	ACMV
KJ888098	ACMV	ACMV
KJ888099	ACMV	ACMV
KJ888100	ACMV	ACMV
KR476371	ACMV	ACMV
KR476372	ACMV	ACMV
KT869127	ACMV	ACMV
KT869128	ACMV	ACMV
KT869129	ACMV	ACMV
KT869130	ACMV	ACMV
KT869131	ACMV	ACMV
LC658342	ACMV	ACMV
LC658343	ACMV	ACMV
LC658344	ACMV	ACMV
LC658345	ACMV	ACMV
LC658346	ACMV	ACMV
LC658347	ACMV	ACMV
LC658348	ACMV	ACMV
LC658956	ACMV	ACMV
LC658957	ACMV	ACMV
LC658958	ACMV	ACMV
LC658959	ACMV	ACMV
LC658960	ACMV	ACMV
LC658961	ACMV	ACMV
LC658962	ACMV	ACMV
LC658963	ACMV	ACMV
LC658964	ACMV	ACMV
LC721738	ACMV	ACMV
LC721739	ACMV	ACMV
LC721740	ACMV	ACMV
LC722230	ACMV	ACMV
LC723864	ACMV	ACMV
LC723865	ACMV	ACMV
LC832866	ACMV	ACMV
MG250084	ACMV	ACMV
MG250085	ACMV	ACMV
MG250086	ACMV	ACMV
MG250087	ACMV	ACMV
MG250088	ACMV	ACMV
MG250089	ACMV	ACMV
MG250090	ACMV	ACMV
MG250091	ACMV	ACMV
MG250092	ACMV	ACMV
MG250093	ACMV	ACMV
MG250094	ACMV	ACMV
MG250095	ACMV	ACMV
MG250096	ACMV	ACMV
MG250097	ACMV	ACMV
MG250098	ACMV	ACMV
MG250099	ACMV	ACMV
MG250100	ACMV	ACMV
MG250101	ACMV	ACMV
MG250102	ACMV	ACMV
MG250103	ACMV	ACMV
MG250104	ACMV	ACMV
MG250105	ACMV	ACMV
MG250106	ACMV	ACMV
MG250107	ACMV	ACMV
MG250108	ACMV	ACMV
MG250109	ACMV	ACMV
MG250110	ACMV	ACMV
MG250111	ACMV	ACMV
MG250112	ACMV	ACMV
MG250113	ACMV	ACMV
MG250114	ACMV	ACMV
MG250115	ACMV	ACMV
MG250116	ACMV	ACMV
MG250117	ACMV	ACMV
MG250118	ACMV	ACMV
MG250119	ACMV	ACMV
MG250120	ACMV	ACMV
MG250121	ACMV	ACMV
MG250122	ACMV	ACMV
MG250123	ACMV	ACMV
MG250124	ACMV	ACMV
MG250125	ACMV	ACMV
MG250126	ACMV	ACMV
MG250127	ACMV	ACMV
MG250128	ACMV	ACMV
MG250129	ACMV	ACMV
MG250130	ACMV	ACMV
MG250131	ACMV	ACMV
MG250132	ACMV	ACMV
MG250133	ACMV	ACMV
MG250134	ACMV	ACMV
MG250135	ACMV	ACMV
MG250136	ACMV	ACMV
MG250137	ACMV	ACMV
MG250138	ACMV	ACMV
MG250139	ACMV	ACMV
MG250140	ACMV	ACMV
MG250141	ACMV	ACMV
MG250142	ACMV	ACMV
MG250143	ACMV	ACMV
MG250144	ACMV	ACMV
MG250145	ACMV	ACMV
MG250146	ACMV	ACMV
MG250147	ACMV	ACMV
MG250148	ACMV	ACMV
MG250149	ACMV	ACMV
MG250150	ACMV	ACMV
MG250151	ACMV	ACMV
MG250152	ACMV	ACMV
MG250153	ACMV	ACMV
MG250154	ACMV	ACMV
MG250155	ACMV	ACMV
MG250156	ACMV	ACMV
MG250157	ACMV	ACMV
MG250158	ACMV	ACMV
MG250159	ACMV	ACMV
MG250160	ACMV	ACMV
MN809985	ACMV	ACMV
MN809986	ACMV	ACMV
MN809987	ACMV	ACMV
MN809988	ACMV	ACMV
MT821855	ACMV	ACMV
MT821856	ACMV	ACMV
MT821857	ACMV	ACMV
MT821858	ACMV	ACMV
MT821859	ACMV	ACMV
MT821860	ACMV	ACMV
MT821861	ACMV	ACMV
MT821862	ACMV	ACMV
MT821863	ACMV	ACMV
MT821864	ACMV	ACMV
MT821865	ACMV	ACMV
MT821866	ACMV	ACMV
MT821867	ACMV	ACMV
MT821868	ACMV	ACMV
MT821869	ACMV	ACMV
MT821870	ACMV	ACMV
MT821871	ACMV	ACMV
MT821872	ACMV	ACMV
MT821873	ACMV	ACMV
MT821874	ACMV	ACMV
MT821875	ACMV	ACMV
MT821876	ACMV	ACMV
MT821877	ACMV	ACMV
MT821878	ACMV	ACMV
MT858793	ACMV	ACMV
MW788220	ACMV	ACMV
MW848516	ACMV	ACMV
MZ595263	ACMV	ACMV
MZ595265	ACMV	ACMV
OP947587	ACMV	ACMV
PP503026	ACMV	ACMV
PV747991	ACMV	ACMV
PV747993	ACMV	ACMV
X17095	ACMV	ACMV
HE616777	ACMV	ACMV
HE616779	ACMV	ACMV
HE616780	ACMV	ACMV
HE616781	ACMV	ACMV
NC55128	ACMV	ACMV
AF126800	ACMV	ACMV
AF126802	ACMV	ACMV
AJ422132	SACMV	SACMV
AJ575560	SACMV	SACMV
KJ887820	SACMV	SACMV
KJ887826	SACMV	SACMV
KJ887827	SACMV	SACMV
KJ887839	SACMV	SACMV
KJ887840	SACMV	SACMV
KJ887841	SACMV	SACMV
KJ887845	SACMV	SACMV
KJ887848	SACMV	SACMV
KJ887851	SACMV	SACMV
KJ887853	SACMV	SACMV
KJ887855	SACMV	SACMV
KJ887857	SACMV	SACMV
KJ887859	SACMV	SACMV
KJ887862	SACMV	SACMV
KJ887864	SACMV	SACMV
KJ887868	SACMV	SACMV
KJ887869	SACMV	SACMV
KJ887871	SACMV	SACMV
KJ887886	SACMV	SACMV
KJ887890	SACMV	SACMV
KJ887892	SACMV	SACMV
KJ887902	SACMV	SACMV
KJ887915	SACMV	SACMV
KJ887916	SACMV	SACMV
KJ887917	SACMV	SACMV
KJ887918	SACMV	SACMV
KJ887919	SACMV	SACMV
KJ887920	SACMV	SACMV
KJ887921	SACMV	SACMV
KJ887922	SACMV	SACMV
KJ887923	SACMV	SACMV
KJ887924	SACMV	SACMV
KJ887925	SACMV	SACMV
KJ887926	SACMV	SACMV
KJ887927	SACMV	SACMV
KJ887928	SACMV	SACMV
KJ887929	SACMV	SACMV
KJ887931	SACMV	SACMV
KJ887932	SACMV	SACMV
KJ887933	SACMV	SACMV
KJ887934	SACMV	SACMV
KJ887935	SACMV	SACMV
KJ887936	SACMV	SACMV
KJ887937	SACMV	SACMV
KJ887940	SACMV	SACMV
KJ887941	SACMV	SACMV
KJ887942	SACMV	SACMV
KJ887952	SACMV	SACMV
KJ887958	SACMV	SACMV
KJ887961	SACMV	SACMV
KJ887965	SACMV	SACMV
KJ887967	SACMV	SACMV
KJ887968	SACMV	SACMV
KJ887969	SACMV	SACMV
KJ887970	SACMV	SACMV
KJ887971	SACMV	SACMV
KJ887972	SACMV	SACMV
KJ887981	SACMV	SACMV
KJ887982	SACMV	SACMV
KJ887983	SACMV	SACMV
KJ887984	SACMV	SACMV
KJ887985	SACMV	SACMV
KJ887986	SACMV	SACMV
KJ887987	SACMV	SACMV
KJ887988	SACMV	SACMV
KJ887989	SACMV	SACMV
KJ887990	SACMV	SACMV
KJ887991	SACMV	SACMV
KJ887992	SACMV	SACMV
KJ887993	SACMV	SACMV
KJ887994	SACMV	SACMV
KJ887996	SACMV	SACMV
KJ887998	SACMV	SACMV
KJ887999	SACMV	SACMV
KJ888000	SACMV	SACMV
KJ888001	SACMV	SACMV
KJ888002	SACMV	SACMV
KJ888003	SACMV	SACMV
KJ888004	SACMV	SACMV
KJ888005	SACMV	SACMV
KJ888006	SACMV	SACMV
KJ888007	SACMV	SACMV
KJ888009	SACMV	SACMV
KJ888010	SACMV	SACMV
KJ888011	SACMV	SACMV
KJ888012	SACMV	SACMV
KJ888013	SACMV	SACMV
KJ888014	SACMV	SACMV
KJ888015	SACMV	SACMV
KJ888016	SACMV	SACMV
KJ888017	SACMV	SACMV
KJ888018	SACMV	SACMV
KJ888019	SACMV	SACMV
KJ888020	SACMV	SACMV
KJ888021	SACMV	SACMV
KJ888022	SACMV	SACMV
KJ888023	SACMV	SACMV
KJ888024	SACMV	SACMV
KJ888025	SACMV	SACMV
KJ888026	SACMV	SACMV
KJ888027	SACMV	SACMV
KJ888028	SACMV	SACMV
KJ888029	SACMV	SACMV
KJ888030	SACMV	SACMV
KJ888031	SACMV	SACMV
KJ888032	SACMV	SACMV
KJ888033	SACMV	SACMV
KJ888034	SACMV	SACMV
KJ888036	SACMV	SACMV
KJ888037	SACMV	SACMV
KJ888039	SACMV	SACMV
KJ888040	SACMV	SACMV
KJ888041	SACMV	SACMV
KJ888042	SACMV	SACMV
KJ888043	SACMV	SACMV
KJ888044	SACMV	SACMV
KJ888045	SACMV	SACMV
KJ888046	SACMV	SACMV
KJ888052	SACMV	SACMV
KJ888054	SACMV	SACMV
KJ888056	SACMV	SACMV
KJ888057	SACMV	SACMV
KJ888063	SACMV	SACMV
KJ888089	SACMV	SACMV
KJ888090	SACMV	SACMV
KJ888093	SACMV	SACMV
KJ888094	SACMV	SACMV
KJ888095	SACMV	SACMV
KJ888097	SACMV	SACMV
NC038877	EACMV	EACMV
AF112354	EACMV	EACMV
AF259896	EACMV	EACMV
EU685319	EACMV	EACMV
EU685321	EACMV	EACMV
EU685323	EACMV	EACMV
EU685326	EACMV	EACMV
JX473582	EACMV	EACMV
MG250164	EACMV	EACMV
NC004625	EACMV	EACMV
PV524652	EACMV	EACMV
AJ006458	EACMV	EACMV
AJ006459	EACMV	EACMV
AJ006460	EACMV	EACMV
AJ717536	EACMV	EACMV
AJ717537	EACMV	EACMV
AJ717538	EACMV	EACMV
AJ717539	EACMV	EACMV
AJ717540	EACMV	EACMV
AJ717541	EACMV	EACMV
AJ717542	EACMV	EACMV
AJ717543	EACMV	EACMV
AJ717544	EACMV	EACMV
AJ717545	EACMV	EACMV
AJ717546	EACMV	EACMV
AJ717547	EACMV	EACMV
AJ717548	EACMV	EACMV
AJ717549	EACMV	EACMV
AJ717550	EACMV	EACMV
AJ717551	EACMV	EACMV
AJ717552	EACMV	EACMV
AJ717553	EACMV	EACMV
AJ717554	EACMV	EACMV
AJ717555	EACMV	EACMV
AJ717556	EACMV	EACMV
AJ717557	EACMV	EACMV
AJ717558	EACMV	EACMV
AY211887	EACMV	EACMV
AY795983	EACMV	EACMV
AY795985	EACMV	EACMV
AY795986	EACMV	EACMV
AY795987	EACMV	EACMV
FN435278	EACMV	EACMV
FN435279	EACMV	EACMV
FN435280	EACMV	EACMV
FN435281	EACMV	EACMV
HG530112	EACMV	EACMV
HG530113	EACMV	EACMV
HG530114	EACMV	EACMV
HG530115	EACMV	EACMV
HG530116	EACMV	EACMV
JF909063	EACMV	EACMV
JF909064	EACMV	EACMV
JF909065	EACMV	EACMV
JF909066	EACMV	EACMV
JF909067	EACMV	EACMV
JF909068	EACMV	EACMV
JF909069	EACMV	EACMV
JF909070	EACMV	EACMV
JF909071	EACMV	EACMV
JF909072	EACMV	EACMV
JF909073	EACMV	EACMV
JF909074	EACMV	EACMV
JF909075	EACMV	EACMV
JF909076	EACMV	EACMV
JF909077	EACMV	EACMV
JF909082	EACMV	EACMV
JF909084	EACMV	EACMV
JF909090	EACMV	EACMV
JF909092	EACMV	EACMV
JF909096	EACMV	EACMV
JF909097	EACMV	EACMV
JF909099	EACMV	EACMV
JF909106	EACMV	EACMV
JF909110	EACMV	EACMV
JF909111	EACMV	EACMV
JF909115	EACMV	EACMV
JF909118	EACMV	EACMV
JF909119	EACMV	EACMV
JF909120	EACMV	EACMV
JF909121	EACMV	EACMV
JF909131	EACMV	EACMV
JF909133	EACMV	EACMV
JF909139	EACMV	EACMV
JF909149	EACMV	EACMV
JF909150	EACMV	EACMV
JF909151	EACMV	EACMV
JF909152	EACMV	EACMV
JF909153	EACMV	EACMV
JF909154	EACMV	EACMV
JF909155	EACMV	EACMV
JF909156	EACMV	EACMV
JF909157	EACMV	EACMV
JF909158	EACMV	EACMV
JF909159	EACMV	EACMV
JF909160	EACMV	EACMV
JF909161	EACMV	EACMV
JF909162	EACMV	EACMV
JF909163	EACMV	EACMV
JF909164	EACMV	EACMV
JF909165	EACMV	EACMV
JF909166	EACMV	EACMV
JF909167	EACMV	EACMV
JF909168	EACMV	EACMV
JF909169	EACMV	EACMV
JF909170	EACMV	EACMV
JF909171	EACMV	EACMV
JF909173	EACMV	EACMV
JF909174	EACMV	EACMV
JF909175	EACMV	EACMV
JF909176	EACMV	EACMV
JF909177	EACMV	EACMV
JF909178	EACMV	EACMV
JF909179	EACMV	EACMV
JF909180	EACMV	EACMV
JF909181	EACMV	EACMV
JF909182	EACMV	EACMV
JF909183	EACMV	EACMV
JF909184	EACMV	EACMV
JF909185	EACMV	EACMV
JF909188	EACMV	EACMV
JF909189	EACMV	EACMV
JF909190	EACMV	EACMV
JF909191	EACMV	EACMV
JF909192	EACMV	EACMV
JF909193	EACMV	EACMV
JF909194	EACMV	EACMV
JF909195	EACMV	EACMV
JF909196	EACMV	EACMV
JF909198	EACMV	EACMV
JN941177	EACMV	EACMV
JX658692	EACMV	EACMV
JX910240	EACMV	EACMV
KJ887964	EACMV	EACMV
KT869123	EACMV	EACMV
KT869124	EACMV	EACMV
KT869125	EACMV	EACMV
KT869126	EACMV	EACMV
LC832863	EACMV	EACMV
MF067253	EACMV	EACMV
MF067254	EACMV	EACMV
MF067255	EACMV	EACMV
MF067256	EACMV	EACMV
MF067257	EACMV	EACMV
MF067258	EACMV	EACMV
MF067259	EACMV	EACMV
MF067260	EACMV	EACMV
MF067261	EACMV	EACMV
MF067262	EACMV	EACMV
MF067263	EACMV	EACMV
MF067264	EACMV	EACMV
MF067265	EACMV	EACMV
MG250161	EACMV	EACMV
MG250162	EACMV	EACMV
MG250163	EACMV	EACMV
MK059411	EACMV	EACMV
MK059412	EACMV	EACMV
MK059413	EACMV	EACMV
MT821897	EACMV	EACMV
MT821898	EACMV	EACMV
MT821899	EACMV	EACMV
MT821900	EACMV	EACMV
MT821901	EACMV	EACMV
MT821902	EACMV	EACMV
MT821903	EACMV	EACMV
MZ494482	EACMV	EACMV
MZ494483	EACMV	EACMV
MZ494484	EACMV	EACMV
MZ494486	EACMV	EACMV
MZ494487	EACMV	EACMV
MZ570970	EACMV	EACMV
MZ595264	EACMV	EACMV
NC004674	EACMV	EACMV
NC038877	EACMV	EACMV
OL444942	EACMV	EACMV
PV524653	EACMV	EACMV
PV524654	EACMV	EACMV
Z83256	EACMV	EACMV
AF126804	EACMV	EACMV
AF126806	EACMV	EACMV
AJ618956	EACMV	EACMV
AJ618957	EACMV	EACMV
AJ618958	EACMV	EACMV
AJ618959	EACMV	EACMV
AJ717516	EACMV	EACMV
AJ717517	EACMV	EACMV
AJ717518	EACMV	EACMV
AJ717519	EACMV	EACMV
AJ717520	EACMV	EACMV
AJ717521	EACMV	EACMV
AJ717522	EACMV	EACMV
AJ717523	EACMV	EACMV
AJ717524	EACMV	EACMV
AJ717525	EACMV	EACMV
AJ717526	EACMV	EACMV
AJ717527	EACMV	EACMV
AJ717528	EACMV	EACMV
AJ717529	EACMV	EACMV
AJ717530	EACMV	EACMV
AJ717531	EACMV	EACMV
AJ717532	EACMV	EACMV
AJ717533	EACMV	EACMV
AJ717534	EACMV	EACMV
AJ717535	EACMV	EACMV
AM502326	EACMV	EACMV
AM502327	EACMV	EACMV
AM502328	EACMV	EACMV
AM502329	EACMV	EACMV
AM502330	EACMV	EACMV
AM502331	EACMV	EACMV
AM502332	EACMV	EACMV
AM502333	EACMV	EACMV
AM502334	EACMV	EACMV
AM502335	EACMV	EACMV
AM502336	EACMV	EACMV
AM502337	EACMV	EACMV
AY795988	EACMV	EACMV
FM877474	EACMV	EACMV
FN668377	EACMV	EACMV
HE814063	EACMV	EACMV
HE814064	EACMV	EACMV
HE979769	EACMV	EACMV
HE979770	EACMV	EACMV
HE979771	EACMV	EACMV
HE979772	EACMV	EACMV
HE979773	EACMV	EACMV
HE979774	EACMV	EACMV
HE979775	EACMV	EACMV
JN053432	EACMV	EACMV
JN053433	EACMV	EACMV
JN053434	EACMV	EACMV
JN053435	EACMV	EACMV
JN053436	EACMV	EACMV
JN053437	EACMV	EACMV
JN053438	EACMV	EACMV
JN053439	EACMV	EACMV
JN053440	EACMV	EACMV
JN053441	EACMV	EACMV
JN053442	EACMV	EACMV
JN053443	EACMV	EACMV
JN053444	EACMV	EACMV
JN053445	EACMV	EACMV
JN053446	EACMV	EACMV
JN053447	EACMV	EACMV
JN053448	EACMV	EACMV
JN053449	EACMV	EACMV
JN053450	EACMV	EACMV
JN053451	EACMV	EACMV
JN053452	EACMV	EACMV
JN053453	EACMV	EACMV
JN053454	EACMV	EACMV
JN053455	EACMV	EACMV
JN053456	EACMV	EACMV
JN053457	EACMV	EACMV
JN053458	EACMV	EACMV
JN053459	EACMV	EACMV
KT780440	EACMV	EACMV
LC832866	EACMV	EACMV
MF974568	EACMV	EACMV
MK059414	EACMV	EACMV
MK059415	EACMV	EACMV
MK059416	EACMV	EACMV
MK059417	EACMV	EACMV
MK059418	EACMV	EACMV
Z83257	EACMV	EACMV
AF112353	ACMV	ACMV
AF259895	ACMV	ACMV
AJ427911	ACMV	ACMV
AY211886	ACMV	ACMV
FN668379	ACMV	ACMV
HE979781	ACMV	ACMV
HE979782	ACMV	ACMV
HE979783	ACMV	ACMV
HE979784	ACMV	ACMV
HE979785	ACMV	ACMV
HE979786	ACMV	ACMV
HE979787	ACMV	ACMV
HE979788	ACMV	ACMV
HE979789	ACMV	ACMV
HE979790	ACMV	ACMV
HE979791	ACMV	ACMV
HE979792	ACMV	ACMV
HE979793	ACMV	ACMV
HE979794	ACMV	ACMV
HE979795	ACMV	ACMV
HE979796	ACMV	ACMV
HG530117	ACMV	ACMV
HG530118	ACMV	ACMV
HG530119	ACMV	ACMV
HG530120	ACMV	ACMV
HG530121	ACMV	ACMV
HG530122	ACMV	ACMV
J02058	ACMV	ACMV
JN165086	ACMV	ACMV
KJ887582	ACMV	ACMV
KJ887583	ACMV	ACMV
KJ887584	ACMV	ACMV
KJ887585	ACMV	ACMV
KJ887586	ACMV	ACMV
KJ887587	ACMV	ACMV
KJ887588	ACMV	ACMV
KJ887589	ACMV	ACMV
KJ887590	ACMV	ACMV
KJ887591	ACMV	ACMV
KJ887592	ACMV	ACMV
KJ887593	ACMV	ACMV
KJ887594	ACMV	ACMV
KJ887595	ACMV	ACMV
KJ887596	ACMV	ACMV
KJ887597	ACMV	ACMV
KJ887598	ACMV	ACMV
KJ887599	ACMV	ACMV
KJ887600	ACMV	ACMV
KJ887601	ACMV	ACMV
KJ887602	ACMV	ACMV
KJ887603	ACMV	ACMV
KJ887604	ACMV	ACMV
KJ887605	ACMV	ACMV
KJ887606	ACMV	ACMV
KJ887607	ACMV	ACMV
KJ887608	ACMV	ACMV
KJ887609	ACMV	ACMV
KJ887610	ACMV	ACMV
KJ887611	ACMV	ACMV
KJ887612	ACMV	ACMV
KJ887613	ACMV	ACMV
KJ887614	ACMV	ACMV
KJ887615	ACMV	ACMV
KJ887616	ACMV	ACMV
KJ887617	ACMV	ACMV
KJ887618	ACMV	ACMV
KJ887619	ACMV	ACMV
KJ887620	ACMV	ACMV
KJ887621	ACMV	ACMV
KJ887622	ACMV	ACMV
KJ887623	ACMV	ACMV
KJ887624	ACMV	ACMV
KJ887625	ACMV	ACMV
KJ887626	ACMV	ACMV
KJ887627	ACMV	ACMV
KJ887628	ACMV	ACMV
KJ887629	ACMV	ACMV
KJ887630	ACMV	ACMV
KJ887631	ACMV	ACMV
KJ887632	ACMV	ACMV
KJ887634	ACMV	ACMV
KJ887636	ACMV	ACMV
KJ887637	ACMV	ACMV
KJ887638	ACMV	ACMV
KJ887651	ACMV	ACMV
KJ887681	ACMV	ACMV
KJ887692	ACMV	ACMV
KJ887705	ACMV	ACMV
KJ887706	ACMV	ACMV
KJ887707	ACMV	ACMV
KJ887710	ACMV	ACMV
KJ887739	ACMV	ACMV
KJ887741	ACMV	ACMV
KJ887743	ACMV	ACMV
KJ887744	ACMV	ACMV
KJ887750	ACMV	ACMV
KJ887751	ACMV	ACMV
KJ887752	ACMV	ACMV
KR476373	ACMV	ACMV
KR476374	ACMV	ACMV
LC659081	ACMV	ACMV
LC659082	ACMV	ACMV
LC722237	ACMV	ACMV
LC723866	ACMV	ACMV
LC723867	ACMV	ACMV
LC723868	ACMV	ACMV
LC724016	ACMV	ACMV
LC724017	ACMV	ACMV
MH646696	ACMV	ACMV
MH646697	ACMV	ACMV
MH646698	ACMV	ACMV
MH646699	ACMV	ACMV
MH646700	ACMV	ACMV
MH646707	ACMV	ACMV
MH646708	ACMV	ACMV
MH646709	ACMV	ACMV
MH646710	ACMV	ACMV
MH646713	ACMV	ACMV
MH646715	ACMV	ACMV
MH646716	ACMV	ACMV
MH646720	ACMV	ACMV
MH646721	ACMV	ACMV
MH646722	ACMV	ACMV
MT858794	ACMV	ACMV
MW848517	ACMV	ACMV
OP947588	ACMV	ACMV
PP503027	ACMV	ACMV
PV747992	ACMV	ACMV
PV747994	ACMV	ACMV
X17096	ACMV	ACMV
HE616778	ACMV	ACMV
NC055127	ACMV	ACMV
AF126801	ACMV	ACMV
AF126803	ACMV	ACMV
KJ887633	SACMV	SACMV
KJ887635	SACMV	SACMV
KJ887639	SACMV	SACMV
KJ887640	SACMV	SACMV
KJ887641	SACMV	SACMV
KJ887642	SACMV	SACMV
KJ887643	SACMV	SACMV
KJ887644	SACMV	SACMV
KJ887645	SACMV	SACMV
KJ887646	SACMV	SACMV
KJ887647	SACMV	SACMV
KJ887649	SACMV	SACMV
KJ887650	SACMV	SACMV
KJ887652	SACMV	SACMV
KJ887653	SACMV	SACMV
KJ887654	SACMV	SACMV
KJ887655	SACMV	SACMV
KJ887656	SACMV	SACMV
KJ887657	SACMV	SACMV
KJ887658	SACMV	SACMV
KJ887659	SACMV	SACMV
KJ887660	SACMV	SACMV
KJ887661	SACMV	SACMV
KJ887662	SACMV	SACMV
KJ887663	SACMV	SACMV
KJ887664	SACMV	SACMV
KJ887665	SACMV	SACMV
KJ887666	SACMV	SACMV
KJ887668	SACMV	SACMV
KJ887669	SACMV	SACMV
KJ887670	SACMV	SACMV
KJ887671	SACMV	SACMV
KJ887672	SACMV	SACMV
KJ887673	SACMV	SACMV
KJ887674	SACMV	SACMV
KJ887675	SACMV	SACMV
KJ887676	SACMV	SACMV
KJ887677	SACMV	SACMV
KJ887678	SACMV	SACMV
KJ887679	SACMV	SACMV
KJ887680	SACMV	SACMV
KJ887682	SACMV	SACMV
KJ887683	SACMV	SACMV
KJ887684	SACMV	SACMV
KJ887685	SACMV	SACMV
KJ887686	SACMV	SACMV
KJ887690	SACMV	SACMV
KJ887693	SACMV	SACMV
KJ887694	SACMV	SACMV
KJ887695	SACMV	SACMV
KJ887696	SACMV	SACMV
KJ887697	SACMV	SACMV
KJ887698	SACMV	SACMV
KJ887699	SACMV	SACMV
KJ887700	SACMV	SACMV
KJ887701	SACMV	SACMV
KJ887702	SACMV	SACMV
KJ887703	SACMV	SACMV
KJ887704	SACMV	SACMV
KJ887708	SACMV	SACMV
KJ887709	SACMV	SACMV
KJ887711	SACMV	SACMV
KJ887712	SACMV	SACMV
KJ887713	SACMV	SACMV
KJ887714	SACMV	SACMV
KJ887715	SACMV	SACMV
KJ887716	SACMV	SACMV
KJ887717	SACMV	SACMV
KJ887718	SACMV	SACMV
KJ887719	SACMV	SACMV
KJ887720	SACMV	SACMV
KJ887721	SACMV	SACMV
KJ887722	SACMV	SACMV
KJ887723	SACMV	SACMV
KJ887724	SACMV	SACMV
KJ887725	SACMV	SACMV
KJ887726	SACMV	SACMV
KJ887727	SACMV	SACMV
KJ887728	SACMV	SACMV
KJ887729	SACMV	SACMV
KJ887730	SACMV	SACMV
KJ887731	SACMV	SACMV
KJ887732	SACMV	SACMV
KJ887733	SACMV	SACMV
KJ887734	SACMV	SACMV
KJ887735	SACMV	SACMV
KJ887736	SACMV	SACMV
KJ887737	SACMV	SACMV
KJ887738	SACMV	SACMV
KJ887740	SACMV	SACMV
KJ887745	SACMV	SACMV
KJ887746	SACMV	SACMV
KJ887747	SACMV	SACMV
KJ887748	SACMV	SACMV
KJ887749	SACMV	SACMV
NC003804	SACMV	SACMV
OP971522	SACMV	SACMV
AJ704934	EACMV	EACMV
AJ704935	EACMV	EACMV
AJ704936	EACMV	EACMV
AJ704937	EACMV	EACMV
AJ704938	EACMV	EACMV
AJ704939	EACMV	EACMV
AJ704949	EACMV	EACMV
AJ704950	EACMV	EACMV
AJ704951	EACMV	EACMV
AJ704952	EACMV	EACMV
AJ704953	EACMV	EACMV
AJ704973	EACMV	EACMV
AJ704974	EACMV	EACMV
AY795989	EACMV	EACMV
JX679247	EACMV	EACMV
KM885990	EACMV	EACMV
KM885991	EACMV	EACMV
KM885992	EACMV	EACMV
KM885993	EACMV	EACMV
KM885994	EACMV	EACMV
KM885995	EACMV	EACMV
KM885996	EACMV	EACMV
KM885997	EACMV	EACMV
KM885998	EACMV	EACMV
KM885999	EACMV	EACMV
KM886000	EACMV	EACMV
KM886001	EACMV	EACMV
KM886002	EACMV	EACMV
KM886003	EACMV	EACMV
KM886004	EACMV	EACMV
KM886005	EACMV	EACMV
LC832864	EACMV	EACMV
MH646694	EACMV	EACMV
MZ494476	EACMV	EACMV
MZ494479	EACMV	EACMV
MZ570971	EACMV	EACMV
NC004676	EACMV	EACMV
OL444943	EACMV	EACMV
AF126805	EACMV	EACMV
AF126807	EACMV	EACMV
AF230375	EACMV	EACMV
AJ704954	EACMV	EACMV
AJ704955	EACMV	EACMV
AJ704956	EACMV	EACMV
AJ704957	EACMV	EACMV
AJ704958	EACMV	EACMV
AJ704959	EACMV	EACMV
AJ704960	EACMV	EACMV
AJ704961	EACMV	EACMV
AJ704962	EACMV	EACMV
AJ704963	EACMV	EACMV
AJ704964	EACMV	EACMV
AM502341	EACMV	EACMV
AM502342	EACMV	EACMV
AM502343	EACMV	EACMV
AM502344	EACMV	EACMV
FN668380	EACMV	EACMV
HE979776	EACMV	EACMV
HE979777	EACMV	EACMV
HE979778	EACMV	EACMV
HE979779	EACMV	EACMV
HE979780	EACMV	EACMV
KT780439	EACMV	EACMV
LC832865	EACMV	EACMV
MH379641	EACMV	EACMV
